<?xml version="1.0" encoding="UTF-8"?>
<project xmlns="http://www.netbeans.org/ns/project/1">
    <type>org.netbeans.modules.j2ee.earproject</type>
    <configuration>
        <data xmlns="http://www.netbeans.org/ns/j2ee-earproject/2">
            <name>SpockApplication</name>
            <minimum-ant-version>1.6.5</minimum-ant-version>
            <web-module-libraries/>
            <web-module-additional-libraries>
                <library>
                    <file>${reference.SpockNetwork.dist-ear}</file>
                    <path-in-war>/</path-in-war>
                </library>
                <library>
                    <file>${reference.SpockEnvironment.dist-ear}</file>
                    <path-in-war>/</path-in-war>
                </library>
                <library>
                    <file>${reference.SpockJavaClient.j2ee-module-car}</file>
                    <path-in-war>/</path-in-war>
                </library>
                <library>
                    <file>${reference.SpockWebClient.dist-ear}</file>
                    <path-in-war>/</path-in-war>
                </library>
                <library>
                    <file>${reference.SpockDataAccess.dist-ear}</file>
                    <path-in-war>/</path-in-war>
                </library>
                <library>
                    <file>${reference.SpockBusinessInterface.dist-ear}</file>
                    <path-in-war>/</path-in-war>
                </library>
            </web-module-additional-libraries>
        </data>
        <references xmlns="http://www.netbeans.org/ns/ant-project-references/1">
            <reference>
                <foreign-project>SpockBusinessInterface</foreign-project>
                <artifact-type>j2ee_ear_archive</artifact-type>
                <script>build.xml</script>
                <target>dist-ear</target>
                <clean-target>clean-ear</clean-target>
                <id>dist-ear</id>
            </reference>
            <reference>
                <foreign-project>SpockDataAccess</foreign-project>
                <artifact-type>j2ee_ear_archive</artifact-type>
                <script>build.xml</script>
                <target>dist-ear</target>
                <clean-target>clean-ear</clean-target>
                <id>dist-ear</id>
            </reference>
            <reference>
                <foreign-project>SpockEnvironment</foreign-project>
                <artifact-type>j2ee_ear_archive</artifact-type>
                <script>build.xml</script>
                <target>dist-ear</target>
                <clean-target>clean-ear</clean-target>
                <id>dist-ear</id>
            </reference>
            <reference>
                <foreign-project>SpockJavaClient</foreign-project>
                <artifact-type>j2ee_ear_archive</artifact-type>
                <script>build.xml</script>
                <target>dist-ear</target>
                <clean-target>clean-ear</clean-target>
                <id>j2ee-module-car</id>
            </reference>
            <reference>
                <foreign-project>SpockNetwork</foreign-project>
                <artifact-type>j2ee_ear_archive</artifact-type>
                <script>build.xml</script>
                <target>dist-ear</target>
                <clean-target>clean-ear</clean-target>
                <id>dist-ear</id>
            </reference>
            <reference>
                <foreign-project>SpockWebClient</foreign-project>
                <artifact-type>j2ee_ear_archive</artifact-type>
                <script>build.xml</script>
                <target>dist-ear</target>
                <clean-target>clean-ear</clean-target>
                <id>dist-ear</id>
            </reference>
        </references>
    </configuration>
</project>
